,train_loss,test_loss,test_acc,epoch,lr
0,0.41412433981895447,188.0273895263672,91.4000015258789,0,0.09322234243154526
1,0.2028445452451706,177.099853515625,92.0,1,0.08795039355754852
