,train_loss,test_loss,test_acc,epoch,lr
0,0.2655714750289917,227.41709899902344,90.30000305175781,0,0.014326002448797226
1,0.5665524005889893,205.39385986328125,90.97000122070312,1,0.012390337884426117
2,0.1200847327709198,195.9457550048828,91.30999755859375,2,0.011058486066758633
3,0.5018108487129211,190.04080200195312,91.58000183105469,3,0.011710673570632935
4,0.036342330276966095,185.56642150878906,91.6500015258789,4,0.011037862859666348
