,train_loss,test_loss,test_acc,epoch,lr
0,8637.99609375,1439.5198974609375,11.15999984741211,0,0.0001
1,2.277183,1422.2613525390625,41.22999954223633,0,0.0001
