,train_loss,test_loss,test_acc,epoch,lr
0,8626.509765625,1437.810546875,15.550000190734863,0,0.0001
1,2.2761521339416504,1420.31787109375,32.72999954223633,0,0.0001
