,train_loss,test_loss,test_acc,epoch,lr
0,"tensor(8628.3271, grad_fn=<AddBackward0>)","tensor(1438.0513, grad_fn=<AddBackward0>)",tensor(11.9400),0,0.0001
1,2.2855987548828125,1421.2637939453125,25.940000534057617,0,0.0001
