,train_loss,test_loss,test_acc,epoch,lr
0,"tensor(8769.0166, grad_fn=<AddBackward0>)","tensor(1463.3145, grad_fn=<AddBackward0>)",tensor(10.7200),0,0.0001
1,0.36204764246940613,175.95115661621094,92.16999816894531,0,0.005746413953602314
2,0.06147850677371025,170.17254638671875,92.43000030517578,1,0.0018767149886116385
3,0.03199120983481407,168.66184997558594,92.55999755859375,2,0.004175811540335417
4,0.1397489756345749,164.3778076171875,92.69000244140625,3,0.0017188778147101402
5,0.0628526583313942,168.48219299316406,92.68000030517578,4,0.0018042146693915129
