,train_loss,test_loss,test_acc,epoch,lr
0,0.2782093584537506,182.61668395996094,91.79000091552734,0,0.1
1,0.3506321907043457,181.19686889648438,91.63999938964844,1,0.1
