,train_loss,test_loss,test_acc,epoch,lr
0,1.9998700618743896,1217.1890869140625,63.52000045776367,0,0.0001
1,1.7722502946853638,1050.94873046875,74.05000305175781,1,0.0001
2,1.5486631393432617,925.0896606445312,77.73999786376953,2,0.0001
3,1.5183205604553223,829.0994262695312,79.86000061035156,3,0.0001
4,1.107572317123413,754.741455078125,81.2300033569336,4,0.0001
