,train_loss,test_loss,test_acc,epoch,lr
0,"tensor(8684.4756, grad_fn=<AddBackward0>)","tensor(1449.5250, grad_fn=<AddBackward0>)",tensor(12.6100),0,0.0001
1,1.8996672630310059,1222.2373046875,62.52000045776367,0,0.0001
2,1.6266343593597412,1054.41015625,73.23999786376953,1,0.0001
3,1.3771240711212158,928.0115966796875,76.4800033569336,2,0.0001
4,1.389474868774414,831.7931518554688,78.9000015258789,3,0.0001
5,1.272945761680603,757.3265380859375,80.31999969482422,4,0.0001
