,train_loss,test_loss,test_acc,epoch,lr
0,8100.12158203125,1589.04931640625,7.539999961853027,0,0.0001
1,2.0968196392059326,1322.207275390625,23.15999984741211,0,0.0001
