,sgd_test_loss,sgdhd_test_loss
0,"tensor(1441.5961, grad_fn=<AddBackward0>)","tensor(1437.6116, grad_fn=<AddBackward0>)"
1,1435.5318603515625,260.5126647949219
2,1428.761474609375,219.85243225097656
3,1419.8935546875,208.7225799560547
4,1407.8658447265625,205.85853576660156
5,1391.942626953125,193.89077758789062
