,train_loss,test_loss,test_acc,epoch,lr
0,0.2883778512477875,206.7058563232422,90.97000122070312,0,0.01343962736427784
1,0.354206383228302,190.19509887695312,91.55000305175781,1,0.014513202011585236
2,0.26819050312042236,182.6444854736328,91.80000305175781,2,0.015210320241749287
3,0.14644697308540344,178.06747436523438,91.9000015258789,3,0.01372651569545269
4,0.06442505866289139,177.197265625,92.1500015258789,4,0.013155012391507626
