,train_loss,test_loss,test_acc,epoch,lr
0,"tensor(8696.1123, grad_fn=<AddBackward0>)","tensor(1448.5281, grad_fn=<AddBackward0>)",tensor(12.9300),0,0.0001
1,0.13310597836971283,205.35206604003906,90.86000061035156,0,0.014783373102545738
2,0.21349571645259857,188.78480529785156,91.58999633789062,1,0.012303424999117851
3,0.579678475856781,181.83335876464844,91.93000030517578,2,0.010855154134333134
4,0.05563949793577194,179.70632934570312,92.0999984741211,3,0.011023190803825855
5,0.0748232752084732,177.6271514892578,92.12000274658203,4,0.008520889095962048
