,train_loss,test_loss,test_acc,epoch,lr
0,1.6402597427368164,1052.2435302734375,73.62999725341797,0,0.0001
1,1.513046145439148,829.9194946289062,79.0999984741211,1,0.0001
2,1.1039527654647827,697.1920776367188,81.16000366210938,2,0.0001
3,1.0679826736450195,611.5489501953125,82.7300033569336,3,0.0001
4,1.1452997922897339,552.12744140625,83.5199966430664,4,0.0001
