,train_loss,test_loss,test_acc,epoch,lr
0,"tensor(8686.5166, grad_fn=<AddBackward0>)","tensor(1446.7534, grad_fn=<AddBackward0>)",tensor(8.9000),0,0.0001
1,1.777969241142273,1056.6673583984375,73.11000061035156,0,0.0001
2,1.300428867340088,834.2979125976562,78.52999877929688,1,0.0001
3,1.2228416204452515,700.8135986328125,81.2300033569336,2,0.0001
4,0.9294873476028442,614.5474853515625,82.5999984741211,3,0.0001
5,0.9237021803855896,554.7249145507812,83.41999816894531,4,0.0001
