,train_loss,test_loss,test_acc,epoch,lr
0,2909.593505859375,587.6802978515625,0.0,0,0.0001
1,1.8508255,142.9202117919922,32.20000076293945,0,tensor(0.0012)
2,1.7454773,140.35525512695312,33.290000915527344,1,tensor(0.0005)
