,train_loss,test_loss,test_acc,epoch,lr
0,"tensor(8711.5273, grad_fn=<AddBackward0>)","tensor(1452.2208, grad_fn=<AddBackward0>)",tensor(8.3300),0,0.0001
1,2.025815725326538,1226.6456298828125,59.20000076293945,0,0.0001
