,train_loss,test_loss,test_acc,epoch,lr
0,8697.3095703125,1449.58740234375,8.079999923706055,0,0.0001
1,2.0051116943359375,1225.6519775390625,61.93000030517578,0,0.0001
