,train_loss,test_loss,test_acc,epoch,lr
0,8722.2763671875,1455.3836669921875,9.65999984741211,0,0.0001
1,2.0412881,1227.802001953125,62.62999725341797,0,0.0001
